Subject,Analysis Dimension,OpenCog Analysis,GNU Packages Analysis,Comparison Matrix,Hurd Issue Relevance,Recommendations,OpenCog Score,GNU Score,Error
"Core Features and Capabilities - Compare the fundamental features and capabilities of OpenCog subsystems (AtomSpace, CogServer, PLN, ECAN, MOSES) with GNU packages (bash, coreutils, gcc, glibc, hurd) focusing on their core functionality, extensibility, and architectural design","Core Features and Capabilities, Extensibility, and Architectural Design","OpenCog subsystems (AtomSpace, CogServer, PLN, ECAN, MOSES) are designed for Artificial General Intelligence (AGI). AtomSpace is a hypergraph database for knowledge representation. CogServer provides network access to AtomSpace. PLN handles probabilistic logical inference. ECAN manages attention allocation and resource management. MOSES is an evolutionary program learner for machine learning. Their core functionality revolves around symbolic and sub-symbolic AI, knowledge representation, and learning. Extensibility is a key aspect, with a modular design allowing for integration of various AI algorithms and knowledge types. The architectural design is distributed and highly interconnected, with AtomSpace as the central knowledge repository and other components interacting with it.","GNU packages (bash, coreutils, gcc, glibc, hurd) provide the fundamental building blocks for a Unix-like operating system. Bash is a command-line interpreter, coreutils offers basic file and text manipulation, GCC is a versatile compiler, glibc provides core C library functions, and Hurd is a microkernel-based operating system. Their core functionality is robust and well-established for system-level tasks. Extensibility is achieved through scripting (bash), modular design (coreutils), and adherence to standards (glibc, GCC). The architectural design is largely traditional, with a monolithic kernel (though Hurd aims for microkernel) and user-space utilities.","OpenCog subsystems are designed for AI and cognitive computing, focusing on knowledge representation, reasoning, and learning. GNU packages are foundational system utilities and development tools for a Unix-like operating system. OpenCog's extensibility comes from its modular, hypergraph-based architecture, allowing for integration of various AI algorithms. GNU packages are extensible through their adherence to standards, scripting capabilities, and modular design (e.g., pipes in shell). Architectural design for OpenCog is a distributed, in-memory hypergraph database with a microservice-like approach (CogServer). GNU packages follow a more traditional monolithic (kernel) or standalone utility (coreutils, bash) architecture.","The issues with GNU Hurd (performance, stability, limited hardware support, slow development, design complexity of microkernel) highlight the challenges of building a complex operating system from scratch. OpenCog's modular and distributed nature, while different in purpose, could offer insights into managing complexity and promoting extensibility in large software projects. However, OpenCog's focus on AI and cognitive computing means its direct relevance to solving Hurd's root cause issues is limited to architectural and development process lessons, rather than direct technical solutions for OS kernel problems. The Hurd's struggles with its microkernel design and inter-process communication could potentially benefit from advanced distributed system concepts, which OpenCog, in its own domain, explores.","While OpenCog and GNU packages serve vastly different purposes, there are conceptual recommendations. For GNU Hurd, exploring more modern distributed system patterns (similar to OpenCog's distributed AtomSpace) might offer new avenues for addressing its architectural complexities and inter-server communication overhead, though this would be a significant redesign. For OpenCog, the stability and widespread adoption of GNU tools (like GCC and glibc) highlight the importance of robust, well-tested foundational components. OpenCog could potentially leverage more established low-level system utilities for certain operations to improve stability and performance. Collaboration on shared infrastructure for distributed computing or advanced resource management could be beneficial, but direct integration is unlikely given their disparate domains.",8,7,
"Architecture Models - Compare the architectural approaches between OpenCog (hypergraph-based, cognitive, distributed) and GNU packages (POSIX-compliant, microkernel-based, modular) analyzing design patterns, scalability, and system integration",Architectural Approaches,"OpenCog's architecture is fundamentally built around the **AtomSpace**, a generalized hypergraph database. This hypergraph structure allows for the representation of diverse forms of knowledge, including declarative, procedural, and episodic memory, as interconnected 'atoms' (nodes and links). This design facilitates a highly flexible and expressive knowledge representation, crucial for general intelligence.

**Design Patterns:**
*   **Hypergraph-based Knowledge Representation:** The AtomSpace serves as the central knowledge store, where all data, from low-level perceptual inputs to high-level abstract concepts, are represented as hypergraphs. This allows for complex relationships and emergent properties to be captured and processed.
*   **Cognitive Synergy:** OpenCog is designed as a cognitive architecture, integrating various AI paradigms (e.g., symbolic reasoning, neural networks, evolutionary algorithms) that operate on the shared AtomSpace. This synergistic approach aims to overcome the limitations of individual AI methods.
*   **Distributed AtomSpace (DAS):** OpenCog Hyperon, the successor to OpenCog Prime, emphasizes a distributed architecture for the AtomSpace. This allows for judiciously spreading computational tasks and knowledge storage across multiple machines, addressing scalability concerns for large-scale AGI systems.

**Scalability:**
*   The hypergraph model inherently supports scalability in terms of knowledge representation complexity. New knowledge can be seamlessly integrated into the existing graph without requiring significant structural changes.
*   The Distributed AtomSpace (DAS) is a key component for computational scalability, enabling parallel processing of cognitive algorithms and distributed storage of the AtomSpace. This is crucial for handling the vast amounts of data and computational demands of human-level AGI.

**System Integration:**
*   OpenCog's design promotes integration by providing a unified knowledge representation (AtomSpace) that different AI components can access and manipulate. This allows for seamless interaction and information exchange between diverse cognitive modules.
*   The focus on a common underlying data structure simplifies the integration of new algorithms and modules into the OpenCog framework.

**Specific Examples:**
*   **AtomSpace:** The core component, acting as a global workspace for all cognitive processes. It stores atoms (nodes and links) representing entities, relationships, and rules.
*   **Pattern Matcher:** An algorithm that operates on the AtomSpace to identify patterns and infer new knowledge.
*   **Probabilistic Logic Networks (PLN):** A reasoning engine that uses probabilistic inference over the hypergraph to handle uncertainty and draw conclusions.
*   **OpenCog Hyperon:** The current iteration focusing on distributed computing and improved scalability for AGI development.

**Metrics:**
*   **Atom Count:** Number of atoms (nodes and links) in the AtomSpace, indicating the size and complexity of the knowledge base.
*   **Inference Speed:** Rate at which new inferences can be drawn from the AtomSpace, crucial for real-time cognitive processes.
*   **Distribution Efficiency:** How effectively the Distributed AtomSpace utilizes computational resources across a network.","GNU packages, particularly in the context of the GNU Hurd operating system, are characterized by their adherence to POSIX standards, a microkernel-based design, and a modular approach to system components.

**Design Patterns:**
*   **POSIX Compliance:** GNU packages are designed to be highly compatible with the POSIX (Portable Operating System Interface) standards. This ensures a high degree of portability and interoperability across different Unix-like systems, as applications written for POSIX-compliant systems can run on GNU systems with minimal or no modification.
*   **Microkernel Architecture:** The GNU Hurd is built upon the GNU Mach microkernel. In a microkernel design, only the most essential functions (e.g., inter-process communication, memory management, thread scheduling) reside in the kernel. All other operating system services (e.g., file systems, network protocols, device drivers) are implemented as user-space servers.
*   **Modular Design:** The microkernel approach naturally leads to a highly modular system. Each operating system service is a separate, independent component (server) that communicates with other components via the microkernel. This modularity aims to improve system stability, maintainability, and flexibility.

**Scalability:**
*   **Modularity for Scalability:** The modular nature of GNU packages and the Hurd allows for individual components to be developed, debugged, and updated independently. This can theoretically improve scalability by allowing specific services to be optimized or replaced without affecting the entire system.
*   **Distributed Services (Potential):** While not fully realized in practice for the Hurd, the microkernel architecture inherently supports the distribution of services across a network. This means that different OS services could potentially run on different machines, offering a path to distributed system scalability.

**System Integration:**
*   **IPC-based Integration:** Integration in a microkernel system primarily relies on Inter-Process Communication (IPC). Services communicate by sending messages to each other through the microkernel. This provides a clean and well-defined interface between components.
*   **Standardized Interfaces (POSIX):** POSIX compliance ensures that applications and system components interact through well-defined, standardized APIs, simplifying integration for developers familiar with Unix-like environments.

**Specific Examples:**
*   **GNU Mach:** The microkernel providing basic OS services and IPC.
*   **Hurd Servers:** User-space programs that provide various OS functionalities, such as:
    *   **Auth server:** Handles authentication.
    *   **Ext2fs server:** Provides access to Ext2 file systems.
    *   **Proc server:** Manages process information.
*   **GNU C Library (glibc):** A key GNU package that provides the standard C library, implementing POSIX APIs.

**Metrics:**
*   **IPC Overhead:** The performance cost associated with inter-process communication, a critical metric for microkernel systems.
*   **Server Count:** Number of independent servers running to provide OS functionality.
*   **POSIX Conformance:** The degree to which the system adheres to POSIX standards, measured by compatibility tests and application portability.","| Feature/Aspect | OpenCog (Hypergraph-based, Cognitive, Distributed) | GNU Packages (POSIX-compliant, Microkernel-based, Modular) |
|:---------------------|:---------------------------------------------------|:-----------------------------------------------------------|
| **Core Data Structure** | AtomSpace (Generalized Hypergraph) | Filesystem, IPC mechanisms (Mach messages) |
| **Primary Goal** | Artificial General Intelligence (AGI) | General-purpose operating system |
| **Knowledge Representation** | Highly flexible, semantic hypergraphs (atoms) | Hierarchical file system, structured data within files |
| **Modularity** | Cognitive modules interacting via AtomSpace | OS services as independent user-space servers |
| **Inter-component Communication** | Direct manipulation of AtomSpace, internal APIs | Inter-Process Communication (IPC) via Mach microkernel |
| **Scalability Approach** | Distributed AtomSpace (DAS), parallel algorithms | Distribution of services (theoretical), independent server scaling |
| **Fault Tolerance** | Potential for graceful degradation (cognitive) | Isolation of services (microkernel) |
| **Primary Standards Adherence** | Internal consistency, AGI research paradigms | POSIX, Unix standards |
| **Complexity Management** | Unified hypergraph model, cognitive synergy | Small kernel, isolated user-space components |
| **Development Focus** | AI algorithms, knowledge representation, reasoning | System stability, portability, resource management |
| **Example Components** | AtomSpace, PLN, Pattern Matcher, OpenCog Hyperon | GNU Mach, Hurd servers (e.g., Ext2fs, Proc), glibc |
|","The architectural choices of GNU packages, particularly the GNU Hurd, have significantly contributed to its development challenges and limited adoption. Comparing these with OpenCog's approach highlights potential areas for addressing Hurd's root cause issues:

*   **Microkernel Overhead:** A primary criticism of microkernel designs like Mach (used by Hurd) is the performance overhead introduced by frequent inter-process communication (IPC) between user-space servers. Every system call often involves multiple context switches and message passing, which can be slower than monolithic kernels where many services reside in kernel space.
    *   **Relevance to OpenCog:** OpenCog's distributed AtomSpace also deals with inter-process communication and distributed data. However, its focus is on optimizing knowledge processing and cognitive algorithms, which might offer insights into efficient distributed communication patterns that could be adapted to reduce IPC overhead in a microkernel environment. The hypergraph structure, while different, emphasizes efficient traversal and manipulation of interconnected data, which could inspire more optimized data exchange mechanisms for Hurd's servers.

*   **Complexity of Distributed System Management:** While modularity is a strength, managing a large number of independent servers and their interactions in a microkernel system can introduce significant complexity. Debugging issues that span multiple servers and IPC calls is notoriously difficult.
    *   **Relevance to OpenCog:** OpenCog, especially Hyperon, is designed to manage complex, distributed cognitive processes. Its mechanisms for coordinating diverse AI modules operating on a shared, distributed knowledge base could offer valuable lessons for simplifying the management and debugging of Hurd's distributed services. OpenCog's emphasis on a unified data model (AtomSpace) might also suggest ways to reduce the conceptual complexity of inter-server dependencies in Hurd.

*   **POSIX Compliance Challenges:** While aiming for POSIX compliance, the Hurd has faced challenges in fully and efficiently implementing all aspects of the standard within its microkernel framework. This can lead to compatibility issues with existing Unix applications.
    *   **Relevance to OpenCog:** OpenCog does not directly address POSIX compliance, as its domain is AGI. However, its approach to building robust, self-organizing systems with emergent properties could inform strategies for building more resilient and adaptable POSIX layers on top of a microkernel, potentially by leveraging more intelligent resource management or adaptive service orchestration.

*   **Lack of Development Momentum:** The Hurd project has suffered from a relatively small developer base and slow development progress compared to monolithic kernels like Linux. This can be attributed to the inherent complexity of microkernel development and the challenges mentioned above.
    *   **Relevance to OpenCog:** OpenCog's community-driven, open-source development model, focused on a grand vision (AGI), has attracted significant contributions. While the domains are different, the strategies for fostering community engagement, managing complex open-source projects, and breaking down large problems into manageable components (as seen in OpenCog's modular AI approach) could provide valuable insights for revitalizing Hurd development.","Based on the comparative analysis, the following recommendations are proposed for potential integration or improvement, particularly in the context of addressing GNU Hurd issues:

1.  **Optimize IPC Mechanisms:** Investigate and implement advanced IPC optimization techniques for GNU Hurd, potentially drawing inspiration from distributed computing paradigms used in OpenCog Hyperon. This could involve batching messages, optimizing message serialization, or exploring shared memory regions for frequently accessed data between servers.

2.  **Adaptive Resource Management:** Explore dynamic and adaptive resource management strategies for Hurd servers, potentially informed by OpenCog's cognitive resource allocation mechanisms. This could involve intelligent scheduling of server processes, dynamic scaling of server instances based on load, or self-healing capabilities for failed services.

3.  **Unified Debugging and Monitoring Tools:** Develop more sophisticated debugging and monitoring tools for GNU Hurd that can trace IPC calls across multiple servers and provide a holistic view of system state. OpenCog's unified AtomSpace, while different, highlights the benefit of a single, inspectable knowledge base for understanding complex system behavior.

4.  **Refine POSIX Layer Implementation:** Continuously refine the POSIX compatibility layer in Hurd to minimize overhead and maximize compatibility. This might involve exploring alternative approaches to mapping POSIX calls onto the microkernel, or even considering a hybrid approach for certain critical functionalities.

5.  **Foster Community and Collaboration:** Learn from successful open-source projects like OpenCog in fostering a vibrant and active developer community. This includes improving documentation, simplifying the development environment, and clearly articulating the project's vision and roadmap to attract new contributors.

6.  **Explore Hybrid Architectures:** While the microkernel is central to Hurd, consider exploring hybrid architectural patterns where certain performance-critical or tightly coupled components might reside in a more integrated fashion, while still maintaining the overall modularity benefits. This could be a pragmatic approach to balance performance and design principles.

7.  **Leverage Hypergraph Concepts for System Configuration:** While not directly applicable to the core OS, the hypergraph concept from OpenCog could inspire more flexible and dynamic system configuration and management tools for GNU Hurd. Representing system dependencies and configurations as a hypergraph could allow for more intelligent and adaptive system administration.",8,6,
"Target OS Segments - Analyze how OpenCog subsystems and GNU packages target different operating system segments (desktop, server, embedded, research) and their suitability for microkernel vs monolithic kernel environments",Target OS Segments and Kernel Suitability,"## OpenCog Subsystems Analysis: Target OS Segments and Kernel Suitability

OpenCog is an ambitious project aimed at building an open-source Artificial General Intelligence (AGI) framework. Its subsystems are designed to integrate various AI paradigms, including symbolic reasoning, neural networks, evolutionary learning, and probabilistic logic. Given its nature as a research-intensive AGI platform, OpenCog's primary target segment is research and development, with adaptability to other segments depending on the specific AGI application.

**Target OS Segments:**

OpenCog's suitability for different operating system segments is largely determined by its computational demands and architectural flexibility:

*   **Research:** This is OpenCog's core target segment. Researchers and developers use OpenCog to experiment with AGI architectures, develop new cognitive algorithms, and build intelligent systems. It provides a flexible framework for exploring complex AI problems. Development typically occurs on powerful workstations or servers running Linux (e.g., Ubuntu), where developers have full control over the environment and access to necessary computational resources (CPUs, GPUs).

*   **Server:** OpenCog is well-suited for server environments, particularly for deploying scalable AGI services. The OpenCog Hyperon project, for instance, is designed to make effective use of distributed computing architectures, allowing computational tasks to be spread across a large number of machines. This makes it suitable for cloud-based AGI applications, large-scale data processing for AI, and backend services that require significant computational power and scalability. Deployment often involves containerization technologies like Docker for easier management and scaling on server infrastructure.

*   **Desktop:** While not its primary focus, OpenCog can be deployed on desktop environments, primarily for development, prototyping, or running specialized AI applications that do not require massive computational resources. Users can install OpenCog on desktop Linux distributions (like Ubuntu) or macOS. However, running the full OpenCog framework with complex AGI tasks on a typical desktop might be resource-intensive, potentially leading to performance limitations unless the desktop is equipped with high-end hardware.

*   **Embedded:** OpenCog's suitability for embedded systems is more challenging due to its computational complexity and resource requirements. However, specific, lighter-weight OpenCog subsystems or specialized AI agents built using OpenCog principles could potentially be deployed on powerful embedded devices (e.g., NVIDIA Jetson, Raspberry Pi with sufficient resources) for applications like robotics, intelligent sensors, or edge AI. The `opencog/TinyCog` project on GitHub, aimed at small robots and toy robots on embedded systems like Raspberry Pi, indicates efforts in this direction. This segment typically requires significant optimization and careful selection of OpenCog components to fit within the resource constraints of embedded hardware.

**Kernel Suitability (Microkernel vs. Monolithic Kernel):**

OpenCog's design does not inherently favor one kernel architecture over another, but practical considerations influence its deployment:

*   **Monolithic Kernel Environments:** OpenCog is predominantly developed and deployed on monolithic kernel operating systems, primarily Linux. This is due to several practical advantages:
    *   **Performance:** Monolithic kernels generally offer better raw performance due to less overhead in system calls and direct access to hardware resources. For computationally intensive AGI tasks, this performance is crucial.
    *   **Maturity and Ecosystem:** The Linux ecosystem provides a mature and extensive set of development tools, libraries, and drivers that OpenCog can leverage. This simplifies development, debugging, and deployment.
    *   **Hardware Support:** Monolithic kernels typically have broader and more mature hardware support, which is important for OpenCog, especially when utilizing specialized AI hardware like GPUs.

*   **Microkernel Environments:** While OpenCog could theoretically run on a microkernel-based system, there is no strong evidence of specific optimizations or widespread deployment in such environments. The primary challenges would be:
    *   **Performance Overhead:** Microkernels introduce overhead due to increased inter-process communication (IPC) and context switching. For an AGI system that involves complex interactions between many subsystems and potentially real-time cognitive processes, this overhead could significantly impact performance.
    *   **Integration Complexity:** Integrating OpenCog with a microkernel would require careful design to minimize IPC and ensure efficient communication between OpenCog's components and the microkernel's services. This would likely involve significant engineering effort.

In essence, OpenCog's design prioritizes computational power and flexibility for AGI research. While it can adapt to various OS segments, its resource demands often align best with the performance characteristics and mature ecosystems of monolithic kernel environments, particularly Linux servers and high-end desktops. Its suitability for embedded systems and microkernels depends on the specific subsystem, the level of optimization, and the tolerance for performance trade-offs.","## GNU Packages Analysis: Target OS Segments and Kernel Suitability

GNU packages, as a collective, form the foundational layer of the GNU operating system and are integral to nearly all modern Linux distributions. Their design philosophy emphasizes freedom, modularity, and portability, making them highly adaptable across a wide spectrum of operating system segments and kernel architectures.

**Target OS Segments:**

GNU packages exhibit a pervasive presence across all major operating system segments:

*   **Desktop:** GNU packages are indispensable for desktop environments. Core utilities like GNU Coreutils (providing `ls`, `cp`, `mv`, `grep`, etc.), Bash (the default shell for most Linux distributions), GCC (the GNU Compiler Collection), and Glibc (the GNU C Library) are fundamental for the functioning of any Linux desktop. Applications like GNU Emacs (a highly extensible text editor) and GIMP (GNU Image Manipulation Program) are prominent examples of user-facing desktop software. The entire userland of popular desktop Linux distributions heavily relies on GNU components, providing the command-line interface, development tools, and many graphical applications.

*   **Server:** The server segment is arguably where GNU packages demonstrate their most critical role. Virtually every Linux-based server, from web servers to database servers and cloud infrastructure, relies on GNU tools. GCC is essential for compiling server-side applications and kernels. Glibc provides the fundamental system calls and library functions. GNU Make automates build processes for complex server software. Bash scripts are widely used for system administration, automation, and deployment. The robustness, stability, and performance of these tools make them ideal for demanding server environments where uptime and efficiency are paramount.

*   **Embedded:** GNU packages are extensively used in embedded systems development. The GNU toolchain (GCC, GDB, Binutils, Glibc) is the de facto standard for cross-compilation, enabling developers to build software for a vast array of embedded architectures (ARM, MIPS, PowerPC, etc.). Embedded Linux, which leverages many GNU components, is prevalent in devices ranging from routers and smart appliances to industrial control systems and automotive infotainment. The modularity of GNU packages allows developers to select and integrate only the necessary components, minimizing the footprint for resource-constrained embedded devices. Projects like Buildroot and Yocto Project heavily rely on GNU tools to create custom embedded Linux distributions.

*   **Research:** The research segment benefits significantly from GNU packages, particularly in academic and scientific computing. GCC and GDB are essential for developing and debugging high-performance computing applications. GNU Octave provides a free alternative to MATLAB for numerical computations. The flexibility and open-source nature of GNU tools make them ideal for researchers who need to modify, extend, or understand the underlying software. Furthermore, the entire GNU/Linux ecosystem provides a stable and powerful platform for AI, machine learning, and data science research, often serving as the base for specialized research frameworks and libraries.

**Kernel Suitability (Microkernel vs. Monolithic Kernel):**

GNU packages exhibit different levels of suitability and interaction with microkernel and monolithic kernel environments:

*   **Monolithic Kernel Environments:** GNU packages are exceptionally well-suited for monolithic kernel environments, particularly Linux. The vast majority of GNU software is developed and tested on Linux, leveraging the monolithic kernel's direct hardware access and integrated services for optimal performance. The tight coupling between GNU userland tools and the Linux kernel (e.g., through system calls provided by Glibc) contributes to the efficiency and widespread adoption of GNU/Linux systems. This synergy allows for high-performance execution of system utilities, compilers, and applications.

*   **Microkernel Environments:** While many GNU packages are designed to be POSIX-compliant and thus theoretically portable to any POSIX-compliant kernel, their interaction with microkernels is more nuanced. The GNU Hurd, for instance, is the GNU Project's attempt to build an operating system on top of the Mach microkernel. In this architecture, many traditional kernel services (like file systems, networking, and process management) are implemented as user-space servers (daemons) rather than being part of a monolithic kernel. GNU packages like GNU Coreutils can run on Hurd, but their performance might be impacted by the increased inter-process communication (IPC) overhead inherent in microkernel designs. The modularity of GNU packages aligns well with the microkernel philosophy of separating concerns, but the performance implications of frequent context switches and message passing can be a challenge for computationally intensive tasks. Despite these challenges, the GNU Project's commitment to the Hurd demonstrates the adaptability of GNU software to microkernel architectures, even if it comes with performance trade-offs compared to monolithic kernels.

In summary, GNU packages are highly versatile and form the backbone of software across all OS segments. While they thrive in monolithic kernel environments due to performance benefits and tight integration, their design principles also allow for adaptation to microkernel architectures, albeit with potential performance considerations.","## Comparison Matrix

| Feature/Aspect | OpenCog Subsystems | GNU Packages |
|---|---|---|
| **Primary Focus** | Artificial General Intelligence (AGI), cognitive architectures, symbolic AI, neural-symbolic integration | Core operating system components, development tools, user utilities, system libraries, free software principles |
| **Target OS Segments** | Primarily research and development environments; adaptable to server (cloud-based AGI services) and potentially desktop (specialized AI applications) and embedded (robotics, specialized AI hardware) with significant integration effort. | Broadly targets all segments: desktop (user applications, graphical environments), server (system utilities, compilers, libraries for backend services), embedded (toolchains, libraries for resource-constrained devices), and research (development tools, scientific computing libraries). |
| **Kernel Suitability (Microkernel)** | Potentially compatible, especially for modularity and security benefits in specific AGI components. However, performance overhead of microkernels could be a concern for computationally intensive AGI tasks. No direct evidence of specific microkernel optimizations. | GNU Hurd is explicitly designed for microkernel (Mach) architecture, aiming for modularity and robustness. Many GNU packages are kernel-agnostic or designed to run on POSIX-compliant systems, making them adaptable to microkernel environments. |
| **Kernel Suitability (Monolithic Kernel)** | Generally well-suited, as most development and deployment currently occurs on Linux (monolithic kernel). Benefits from the performance and broad hardware support of monolithic kernels. | Highly optimized and widely used on monolithic kernels (e.g., Linux). Core utilities (GNU Coreutils, GCC, Glibc) are fundamental to most monolithic Unix-like systems, leveraging their performance and direct hardware access. |
| **Typical Deployment** | Development environments (Ubuntu, macOS), cloud platforms (for scalable AGI services), specialized robotics/AI hardware. Docker is a common deployment method. | Widely deployed across all Linux distributions, BSD variants, and other Unix-like systems. Essential for server infrastructure, desktop computing, and embedded Linux systems. |
| **Examples** | OpenCog Hyperon (AGI framework), AtomSpace (knowledge representation), MeTTa (meta-programming language), various AI algorithms and cognitive agents. | GNU Coreutils (ls, cp, mv), GCC (compiler), Glibc (C library), Bash (shell), GDB (debugger), GNU Make, GNU Emacs, GNU Health. |
| **Performance Considerations** | High computational demands for AGI tasks, often requiring significant CPU/GPU resources. Performance can be a bottleneck, especially for real-time cognitive processes. | Generally high performance due to direct kernel interaction (on monolithic kernels) and highly optimized C/C++ implementations. Performance is critical for system utilities and development tools. |
| **Modularity** | Designed with modularity in mind, allowing different cognitive components to be integrated. Hyperon aims for a more modular and distributed architecture. | Highly modular, with individual packages providing specific functionalities. This modularity allows for flexible system construction and easier maintenance. |
| **Scalability** | Designed to be scalable, especially with OpenCog Hyperon's focus on distributed computing architectures for AGI. | Scalable through distributed systems built upon GNU tools (e.g., server farms running Linux with GNU utilities). Individual packages are generally not inherently scalable but form the building blocks of scalable systems. |
| **Community & Ecosystem** | Smaller, specialized community focused on AGI research and development. Ecosystem is growing, particularly with SingularityNET. | Vast and mature community, forming the backbone of the free software movement. Extensive ecosystem of tools, libraries, and distributions. |

","## Hurd Issue Relevance

The dimension of ""Target OS Segments and Kernel Suitability"" is profoundly relevant to understanding the prolonged development and limited adoption of GNU Hurd, which is a core issue for the GNU Project's vision of a complete free operating system.

**The Microkernel Philosophy and Hurd's Challenges:**

The GNU Hurd's fundamental design choice to utilize a microkernel (Mach) is directly at the heart of its challenges. While microkernels offer theoretical advantages in modularity, security, and robustness (as services run in user space and can be restarted independently), they introduce significant performance overhead due to increased inter-process communication (IPC) and context switching. This performance penalty has been a major hurdle for Hurd's widespread adoption, especially when compared to the highly optimized and performant Linux monolithic kernel.

*   **Performance Disparity:** The research indicates that monolithic kernels generally offer better performance due to less overhead in system calls and direct access to hardware. For many common computing tasks, especially those involving intensive I/O or computation, the performance of GNU packages running on a monolithic kernel (like Linux) is superior to their execution on a microkernel-based system like Hurd. This performance gap makes Hurd less attractive for desktop and server segments where responsiveness and throughput are critical.

*   **Complexity of User-Space Servers:** In Hurd, traditional kernel functionalities are implemented as a collection of user-space servers (e.g., file servers, network servers). While this design promotes modularity, it also introduces a layer of complexity in development, debugging, and maintenance. The intricate interactions between these servers, and the need to manage them effectively, have contributed to the slow pace of Hurd's development and the difficulty in achieving a stable, production-ready system.

*   **Driver Development:** Developing drivers for a microkernel environment like Hurd can be more challenging than for a monolithic kernel. While the idea is that drivers can be written in user space, the reality of interacting with diverse hardware and ensuring stability across a wide range of devices has proven to be a significant undertaking. This has limited Hurd's hardware compatibility, further hindering its adoption across various OS segments.

*   **Ecosystem and Tooling:** The vast majority of GNU packages and other free software are developed and optimized for the Linux kernel. The tooling, development practices, and community support are overwhelmingly geared towards monolithic kernel environments. Hurd, being a niche microkernel system, lacks the extensive ecosystem, mature tooling, and large developer community that Linux enjoys. This makes it harder to port and optimize existing GNU packages for Hurd, and to attract new developers.

**Relevance to GNU Hurd's Root Cause Issues:**

The root cause issues of GNU Hurd's prolonged development and limited adoption can be directly tied to the trade-offs inherent in its microkernel design and its implications for target OS segments:

1.  **Performance vs. Modularity Trade-off:** The core issue is the inherent performance overhead of microkernels. While the GNU Project aimed for a more robust and modular system, the performance penalty has made it difficult for Hurd to compete with monolithic kernels for general-purpose computing. This has limited its appeal for desktop and server users who prioritize speed and efficiency.
2.  **Complexity and Development Pace:** The multi-server architecture, while theoretically elegant, has proven to be complex to implement and maintain. This complexity has slowed down development, leading to a system that has been perpetually ","## Recommendations for Integration and Improvement

Based on the comparative analysis of OpenCog subsystems and GNU packages, particularly in the context of target OS segments and kernel suitability, the following recommendations are proposed for potential integration or improvement:

1.  **Leverage GNU Toolchain for OpenCog Development and Deployment:**
    *   **Recommendation:** OpenCog should continue to heavily rely on and optimize its build and deployment processes using the GNU toolchain (GCC, GDB, GNU Make, Binutils, Glibc). These tools are mature, highly optimized, and universally available across Linux environments, which are the primary development and deployment platforms for OpenCog.
    *   **Justification:** This ensures maximum compatibility, leverages existing performance optimizations, and simplifies the development workflow for OpenCog engineers. The stability and widespread adoption of GNU tools reduce the overhead of managing build environments.

2.  **Explore OpenCog Components as GNU Packages (for specific use cases):**
    *   **Recommendation:** For certain OpenCog subsystems that are relatively self-contained and could benefit from broader adoption or integration into standard Linux distributions, consider packaging them as official GNU packages. This would primarily apply to utility-like components or foundational libraries that could be useful beyond the full AGI framework.
    *   **Justification:** Becoming a GNU package would provide greater visibility, adhere to free software principles, and potentially attract more developers from the broader GNU/Linux community. It could also simplify dependency management for users who wish to integrate specific OpenCog functionalities into their existing GNU/Linux systems.

3.  **Investigate Microkernel Optimizations for Performance-Critical OpenCog Subsystems:**
    *   **Recommendation:** While OpenCog primarily operates on monolithic kernels, for highly secure or modular AGI deployments (e.g., in embedded robotics or critical infrastructure), research into optimizing specific, performance-critical OpenCog subsystems for microkernel environments could be beneficial. This would involve minimizing IPC overhead and exploring efficient communication mechanisms.
    *   **Justification:** This would allow OpenCog to leverage the security and isolation benefits of microkernels in specialized applications where these attributes are paramount, even if it means a trade-off in raw performance for the entire system. This could open up new deployment segments for OpenCog.

4.  **OpenCog's Potential Role in GNU Hurd's Evolution (Long-term Vision):**
    *   **Recommendation:** As GNU Hurd continues its slow but steady development, OpenCog could explore long-term research into how AGI principles could potentially assist in managing the complexity of a microkernel-based operating system. This is a highly speculative and long-term recommendation.
    *   **Justification:** An AGI system, with its ability to reason about complex systems and manage distributed processes, might theoretically be able to optimize resource allocation, manage inter-server communication, or even dynamically reconfigure Hurd components to improve performance and stability. This would be a symbiotic relationship where OpenCog helps solve Hurd's inherent architectural challenges, and Hurd provides a highly modular and potentially more secure base for AGI.

5.  **Cross-Pollination of Development Methodologies:**
    *   **Recommendation:** OpenCog could potentially adopt some of the robust, long-term maintenance and community-driven development practices seen in established GNU projects. Conversely, GNU projects could learn from OpenCog's agile, research-driven approach to rapidly prototype and integrate new AI paradigms.
    *   **Justification:** This exchange of methodologies could lead to more stable and maintainable OpenCog components, and more innovative and rapidly evolving GNU tools, benefiting both ecosystems.

6.  **Documentation and Compatibility for Diverse Environments:**
    *   **Recommendation:** Both OpenCog and GNU projects should continue to prioritize comprehensive documentation regarding their compatibility and performance characteristics across different OS segments and kernel types. This includes clear guidelines for deployment on various platforms.
    *   **Justification:** Better documentation facilitates easier adoption, integration, and troubleshooting for developers and users, maximizing the utility of both OpenCog and GNU packages in diverse computing environments.

These recommendations aim to foster a synergistic relationship between OpenCog and GNU packages, leveraging their respective strengths to advance both AGI research and the free software ecosystem.",7,8.5,
"Design Effectiveness - Evaluate the design effectiveness of OpenCog vs GNU packages in solving the five root causes of Hurd issues: Universal Grip Problem, Identity Crisis, Synchronization Chaos, Trust Boundary Confusion, and Resource Lifecycle Blindness",Universal Grip Problem,"OpenCog, as an Artificial General Intelligence (AGI) framework, approaches access and control from a different paradigm. Its core components, such as the AtomSpace, are designed for flexible knowledge representation and manipulation. While not directly analogous to an operating system's security model, OpenCog's design principles emphasize modularity and explicit representation of relationships. The AtomSpace, for instance, represents knowledge as a hypergraph, where nodes and links define entities and their relationships. Access to and modification of these 'atoms' would inherently be governed by the AGI's internal reasoning and learning mechanisms, rather than a traditional OS-level capability system. The focus is on emergent intelligence and self-organization, where control is distributed and context-dependent.","Traditional GNU packages, such as GNU Core Utilities and GNU C Library (glibc), operate within the established Unix-like security model. This model relies on discretionary access control (DAC) based on user IDs (UIDs), group IDs (GIDs), and file permissions. While robust and widely understood, this model can be rigid and prone to issues like privilege escalation if not configured carefully. Access is typically granted or denied based on ownership and explicit permissions, and there is no inherent mechanism for fine-grained, dynamic capability management as envisioned by Hurd. GNU Mach, as a microkernel, provides the fundamental IPC mechanisms, but the higher-level security policies are implemented by the Hurd servers and other GNU components.","| Feature/Metric | GNU Hurd (Capability-based) | OpenCog (AGI Framework) | GNU Packages (Unix-like DAC) |
|---|---|---|---|
| **Granularity of Control** | High (fine-grained capabilities) | Context-dependent, emergent | Moderate (UID/GID/permissions) |
| **Dynamic Privilege Management** | Intended, but complex to track and revoke | Implicit via AGI reasoning/learning | Limited, primarily static permissions |
| **Transparency of Access** | Low (difficult to trace capability flow) | High (relationships explicitly represented in AtomSpace) | Moderate (permissions are visible, but implicit trust can be an issue) |
| **Security Model** | Capability-based | Emergent, AGI-driven | Discretionary Access Control (DAC) |
| **Scalability of Security Management** | Challenging due to distributed nature of capabilities | Scales with AGI's learning and reasoning capabilities | Scales with administrative overhead |","The Universal Grip Problem is central to Hurd's design philosophy. Its attempt to move beyond the limitations of Unix's DAC by embracing capabilities introduced new complexities. The difficulty in managing and understanding the flow of capabilities directly impacts system security and stability. A solution would need to provide the flexibility of capabilities while offering robust mechanisms for auditing, revocation, and clear visibility into privilege propagation. The challenge lies in achieving this without sacrificing the benefits of a distributed, microkernel-based system.","For GNU Hurd, addressing the Universal Grip Problem would require significant advancements in capability management. This could involve developing tools for real-time capability auditing, introducing hierarchical capabilities, or implementing mechanisms for automatic capability revocation based on context or time. From an OpenCog perspective, while not directly applicable, the concept of explicit knowledge representation in the AtomSpace could inspire more transparent and auditable capability systems. For GNU packages, continued focus on hardening existing DAC mechanisms and exploring sandboxing technologies would be beneficial. The integration of formal verification methods for security policies could also enhance trustworthiness.",7,6,
"Repository Dependency Metrics - Analyze the dependency relationships, coupling, and modularity metrics between OpenCog repositories vs GNU packages, including build dependencies, runtime dependencies, and inter-component communication patterns",Repository Dependency Metrics,"OpenCog's dependency management for build processes is facilitated by tools like `octool`, which automates the installation of necessary libraries such as `boost`. Other build dependencies are project-specific. Runtime dependencies are linked to individual components like `guile-dbd-postgresql` and `link-grammar`. The core of OpenCog's inter-component communication and data sharing revolves around the AtomSpace, a central knowledge representation database. Multiple AtomSpaces can communicate over a network, indicating a flexible and distributed approach to inter-component communication. The architecture emphasizes a complex interaction network and a unified system integrating various AI paradigms. While explicit metrics for coupling and modularity are not readily available, the design suggests a degree of modularity through its component-based structure and the AtomSpace's role as a shared knowledge base. The 'attention allocation subsystem' in OpenCog Prime also implies a dynamic management of dependencies and interactions.","GNU Hurd's dependency management is characterized by challenges arising from its microkernel architecture and the goal of OS-agnosticism. Build dependencies often suffer from erroneous `libc6-dev` dependencies (specific to GNU/Linux) instead of the correct `libc0.3-dev` for GNU. ALSA-related packages also pose issues on non-Linux architectures, requiring conditional build dependencies. Furthermore, `dh_install` problems indicate that upstream build systems sometimes fail to recognize the Hurd OS, leading to incomplete installations. Runtime dependencies are tightly coupled to the Mach microkernel's Inter-Process Communication (IPC) mechanisms. While the system is designed to be modular with various servers (translators) handling specific functionalities, the underlying IPC creates a strong coupling between these components. This tight coupling, despite the modular design, has contributed to the long development time and difficulties in porting and maintaining the system.","OpenCog relies on a more centralized knowledge representation (AtomSpace) with network-based inter-component communication, while GNU Hurd uses a distributed server model on a microkernel with tight IPC coupling. OpenCog's dependency management is largely handled by `octool` for build dependencies, whereas GNU Hurd faces challenges with cross-platform `libc` and ALSA dependencies, and issues with build systems not recognizing the OS.","The dependency issues in GNU Hurd, particularly the `libc` and ALSA problems, directly contribute to its instability and limited adoption. The tight coupling to Mach's IPC, while a design choice for modularity, has made the system difficult to evolve and port. OpenCog's approach to dependency management and inter-component communication, especially its more flexible AtomSpace and network-based communication, could offer insights into alternative architectures that might mitigate some of Hurd's long-standing challenges. Specifically, OpenCog's ability to manage diverse components and their interactions could inspire solutions for more robust and adaptable inter-component communication in a microkernel environment, potentially reducing the rigid coupling seen in Hurd.","For GNU Hurd, it is recommended to explore more flexible and platform-agnostic dependency management tools, potentially inspired by OpenCog's `octool` or similar systems that can dynamically adapt to different OS environments. A deeper investigation into OpenCog's network-based inter-component communication patterns could provide valuable insights for decoupling Hurd's servers from the rigid Mach IPC, leading to a more adaptable and maintainable system. Furthermore, adopting a more explicit approach to measuring and managing coupling and modularity, as seen in some software engineering practices, could help identify and address architectural bottlenecks in GNU Hurd. For OpenCog, while its current approach seems effective, formalizing and documenting its coupling and modularity metrics could further enhance its development and maintainability, especially as it scales.",7,4,
"Package Reliability Performance - Compare the reliability and performance characteristics of OpenCog subsystems vs GNU packages, including stability, error handling, resource usage, scalability, and maintenance burden",Package Reliability Performance,"# OpenCog Analysis: Reliability and Performance

This document provides a detailed analysis of the reliability and performance characteristics of the OpenCog framework, focusing on the dimensions of stability, error handling, resource usage, scalability, and maintenance burden. The analysis is based on publicly available information from the OpenCog wiki, GitHub repositories, and related publications.



## Architecture and Design Principles

OpenCog's architectural foundation is built upon several key principles aimed at achieving Artificial General Intelligence (AGI). A core tenet is that ""all state should be visible to all algorithms,"" which implies a highly interconnected and transparent system where various components can access and interact with the entire knowledge base. The overarching design, particularly the CogPrime architecture, seeks to enable embodied AGI, encompassing not only the core algorithms but also the underlying conceptual motivations and the emergent behaviors expected from a fully realized system.

Central to OpenCog is the **AtomSpace**, a hypergraph database and query engine that serves as the system's core. As of 2025, the AtomSpace is described as active, stable, and supported, forming the backbone for knowledge representation and processing within OpenCog. Its design as a hypergraph allows for flexible and expressive representation of complex relationships, which is crucial for AGI.

However, the evolution of OpenCog has not been without its challenges. Earlier iterations, collectively referred to as **OpenCog Classic**, were acknowledged to possess ""design warts and architectural flaws."" These issues made the system ""hard to understand and hard to use,"" suggesting potential difficulties in terms of reliability, maintainability, and ease of development. This candid admission highlights the complexities inherent in building a system of OpenCog's ambition.

In response to these challenges, the **Hyperon** project emerged as a significant rewrite and redesign of the OpenCog AGI framework. Hyperon is being developed from the ground up, while retaining similar conceptual and cognitive principles. This substantial undertaking indicates a concerted effort to address the shortcomings of OpenCog Classic, with an implicit goal of improving overall system reliability, performance, and maintainability. A rewrite of this magnitude is often a strong indicator that the previous architecture was posing significant barriers to further development and stability.

OpenCog's pursuit of human-level and beyond general intelligence necessitates a robust and reliable underlying system. The framework incorporates various cognitive processes, including uncertain logic for declarative knowledge, program learning for procedural knowledge, attention allocation, internal simulation, and goal-oriented dynamics. Each of these processes relies heavily on the stability and performance of the underlying architecture. Any instability or inefficiency at the foundational level could propagate and severely impact the system's ability to learn, reason, and act effectively.

The concept of **Cognitive Synergy** is also fundamental to OpenCog. This principle posits that different components and processes within the system work collaboratively to enhance overall intelligence. While this synergy is vital for achieving AGI, it also implies a high degree of interdependence. In such a tightly integrated system, a failure in one component could potentially have cascading effects, impacting the reliability and performance of other parts. This underscores the critical importance of ensuring reliability across all subsystems.

Furthermore, the system's reliance on **Truth Values and Attention Values** is crucial for its operation. These values are integral to how OpenCog processes information, evaluates beliefs, and allocates computational resources. The accuracy and efficient management of these values directly influence the system's performance and reliability. Errors in truth value propagation or inefficient attention allocation could lead to incorrect reasoning or suboptimal resource utilization.

Finally, **Glocal Memory**, which represents the neural-symbolic integration within CogPrime, plays a significant role in how data is stored, accessed, and processed. The efficiency and reliability of this memory system directly impact the overall performance of OpenCog, as it underpins the system's ability to combine symbolic reasoning with neural network capabilities.

While the available documentation provides a high-level overview of these design principles, it generally lacks specific metrics or detailed examples concerning reliability and performance characteristics such as precise error handling mechanisms, quantitative resource usage, or a detailed breakdown of the maintenance burden. The ongoing development of Hyperon, however, strongly suggests that these aspects were key areas targeted for improvement over OpenCog Classic.



## Stability and Error Handling

OpenCog's journey towards stability has been an evolving process, marked by significant improvements and ongoing development. In its earlier iterations, particularly with **OpenCog Classic**, stability was a recognized challenge. Reports indicated a ""lack of a stable release,"" which, in turn, led to a diminished interest from new developers. This suggests that the early versions of OpenCog might have been prone to crashes, unexpected behavior, or difficulties in consistent operation, thereby impacting their overall reliability for practical applications. The absence of a consistently stable release could deter adoption and make it challenging for developers to build reliable applications on top of the framework.

However, the landscape has shifted with more recent advancements, especially with the advent of **OpenCog Hyperon**. The Hyperon project aims to establish a ""stable foundation"" for future AGI development. This commitment to stability is a crucial indicator of improved reliability. A key component demonstrating this enhanced stability is the **`cogserver`**, OpenCog's distributed AtomSpace network server. The `cogserver` has been lauded for its robustness, with claims of being ""stable"" and having been ""used in production settings for a decade"" without ""known bugs."" This track record in production environments underscores a significant level of reliability for this core component, suggesting it can handle sustained operations and data processing without frequent failures.

Regarding **error handling**, the available information points to a basic level of error reporting within specific OpenCog subsystems. For instance, the Scheme bindings for OpenCog are designed to ""throw errors if the link type is not a valid opencog link type, or if any of the arguments after the link type are not atoms."" This mechanism ensures that invalid inputs or operations are flagged, preventing potential data corruption or system crashes due to malformed data. While this indicates a degree of input validation and error detection, a comprehensive, unified error handling framework across the entire OpenCog suite is not extensively documented in the search results. The presence of ""Pages with syntax highlighting errors"" on the OpenCog wiki might also subtly suggest ongoing challenges in documentation consistency or code quality, which, while not directly impacting runtime stability, could indirectly affect the ease of debugging and maintenance, thereby influencing the overall perceived reliability for developers.

In summary, while OpenCog Classic faced stability hurdles, the ongoing development, particularly with Hyperon and the proven stability of components like `cogserver`, indicates a strong move towards a more reliable and robust system. The error handling mechanisms, though seemingly basic in their documented scope, provide essential safeguards against invalid operations within specific modules. Further detailed information on a holistic error handling strategy and quantitative metrics on error rates would provide a more complete picture of its reliability.



## Resource Usage, Scalability, and Maintenance Burden

**Resource Usage:**

OpenCog, by its very nature as an ambitious Artificial General Intelligence (AGI) framework, can be inherently resource-intensive. The computational demands of simulating human-level intelligence, processing vast amounts of data, and executing complex algorithms necessitate significant computing power. The documentation implicitly acknowledges this by suggesting that running OpenCog projects on cloud resources can alleviate challenges associated with running the application on physical desktop computers. This implies that local desktop environments may struggle to provide the necessary computational resources, highlighting the framework's potentially high consumption of CPU, memory, and I/O. While specific quantitative metrics for resource consumption (e.g., typical CPU utilization, memory footprint for various tasks, or disk I/O patterns) are not readily available in the initial research, the emphasis on cloud deployment points to a design that anticipates and requires substantial computational backing. The internal mechanism of ""MindAgents"" estimating utility and effort spent on an Atom suggests an attempt at internal resource management and optimization, but the overall resource profile remains on the higher side due to the complexity of the AGI tasks it aims to perform.

**Scalability:**

Scalability is a critical design consideration for OpenCog, particularly as it evolves towards handling increasingly complex AGI tasks and larger datasets. The development of **OpenCog Hyperon** signifies a strong commitment to achieving high levels of scalability. Hyperon is explicitly engineered to leverage distributed computing architectures, enabling it to ""judiciously spread computational tasks across a large number of"" interconnected systems. This focus on distributed processing is a clear indicator of a design philosophy that prioritizes horizontal scalability, allowing the system to expand its capacity by adding more computational nodes rather than relying solely on more powerful single machines. The OpenCog wiki features a dedicated section on ""Network scalability,"" which delves into the intricacies and challenges of orchestrating multiple, networked AtomSpaces in a distributed fashion. This demonstrates an awareness of the complexities involved in building a truly scalable AGI system. The scalability of the core **AtomSpace** itself is recognized as being dependent on both the back-end implementation and the locality of the algorithms operating on it. This acknowledges that while the architecture supports scalability, the practical limits will be influenced by the efficiency of data storage and retrieval, as well as the inherent parallelism of the AGI algorithms being executed. Overall, OpenCog, especially with Hyperon, is designed with scalability as a fundamental objective, aiming to support the growth and complexity required for advanced AGI.

**Maintenance Burden:**

The maintenance burden of a complex, evolving open-source project like OpenCog is substantial, even if not explicitly quantified in terms of person-hours or bug fix rates. The historical acknowledgment of ""design warts and architectural flaws"" in **OpenCog Classic** strongly suggests that maintaining and extending the older codebase was a challenging endeavor. Such flaws typically lead to increased development time, more frequent bugs, and difficulties in integrating new features, all contributing to a higher maintenance overhead. The decision to undertake a comprehensive rewrite with **Hyperon** is a powerful testament to the perceived maintenance challenges of the previous architecture. Rewrites are often initiated when the technical debt of an existing system becomes too high, making it more cost-effective to rebuild than to continue patching and extending. This implies that the maintenance burden of OpenCog Classic was significant enough to warrant a complete overhaul. Furthermore, as a large, multi-component, and long-running open-source project, OpenCog naturally requires a continuous and dedicated effort from its community of developers and contributors for ongoing bug fixes, security updates, feature development, and documentation. The inherent complexity of AGI research and development also means that the system is constantly evolving, necessitating frequent updates and adaptations, which further contributes to the maintenance burden. While the Hyperon rewrite aims to improve maintainability in the long run, the transition period itself adds to the overall maintenance effort.

","# GNU Packages Analysis: Reliability and Performance

This document provides a detailed analysis of the reliability and performance characteristics of GNU packages, focusing on the dimensions of stability, error handling, resource usage, scalability, and maintenance burden. The analysis is based on publicly available information and general knowledge about GNU software.



## Stability

GNU packages are renowned for their **stability**, a cornerstone of the GNU Project's philosophy. This emphasis on stability is evident across a wide range of GNU software, from core utilities like `grep`, `sed`, and `awk` to larger projects such as the GNU Compiler Collection (GCC) and the GNU C Library (glibc). The development process for many GNU packages often involves rigorous testing, extensive peer review, and a long history of use in diverse environments, contributing to their reputation for robustness.

For instance, the recent release of **GCC 12.5** reinforces this commitment, with a focus on ""stability and bug fixes."" This continuous refinement and dedication to maintaining stable tools are central to the GNU Project's mission. The maturity of many GNU packages means they have undergone years, if not decades, of real-world usage, allowing for the identification and resolution of numerous bugs and edge cases. This iterative process of development, testing, and bug fixing contributes significantly to their high level of stability.

Furthermore, the open-source nature of GNU packages fosters a large and active community of developers and users. This community contributes to stability by identifying issues, proposing fixes, and ensuring that the software is well-maintained. The transparency of the development process also allows for greater scrutiny and faster resolution of vulnerabilities or bugs that might impact stability.

While individual packages may have their own specific release cycles and stability guarantees, the overarching principle within the GNU ecosystem is to provide reliable and predictable software. This makes GNU packages a dependable choice for critical systems and long-term deployments where stability is paramount.



## Error Handling

Error handling in GNU packages is generally robust and well-defined, though the specific mechanisms can vary depending on the programming language and the nature of the software. A common approach involves returning error codes or status information, allowing the calling program to detect and respond to issues. For more complex scenarios, some GNU projects implement exception-like handling, even in languages that don't natively support them.

The **GNU Scientific Library (GSL)** provides a clear example of error handling. GSL functions typically report errors by returning status information, which can then be examined by the calling function. The GSL also allows for the customization of error handlers, enabling developers to define how errors are reported or processed. This flexibility is crucial for integrating GSL into diverse applications with varying error management requirements.

In projects like **GNU GRUB**, error handling is based on an exception handling model, emulated in C. This allows for a more structured approach to managing unexpected events during the boot process. Similarly, **GnuTLS-Guile** provides mechanisms to convert exceptions into error messages, demonstrating a consistent approach to error reporting across different GNU components.

While the specific implementation details may differ, the underlying philosophy across GNU packages is to provide clear and actionable error information. This facilitates debugging, allows for graceful degradation, and helps in building reliable systems. The maturity of these projects often means that common error scenarios are well-documented, and mechanisms are in place to prevent or mitigate the impact of errors. The open-source nature also allows for community contributions to improve error handling and address newly discovered edge cases.



## Resource Usage

GNU packages generally exhibit a wide range of resource usage characteristics, largely dependent on their specific function and design. However, a common theme is the emphasis on efficiency and control over resource consumption, particularly for core utilities and libraries that form the foundation of the GNU/Linux operating system.

The **GNU C Library (glibc)**, a fundamental component of most GNU/Linux systems, provides functions like `getrusage` and the `struct rusage` data type, which allow programs to examine their own resource usage, including CPU time and memory. This capability is crucial for developers to monitor and optimize the resource footprint of their applications. The GNU Coding Standards also provide guidelines on memory usage, suggesting that for programs typically using only a few megabytes of memory, extensive efforts to reduce memory usage are often unnecessary, implying a pragmatic approach to optimization.

For command-line tools, the **GNU `time`** utility can be used to measure the memory consumption and CPU time of executed programs, including child processes. This allows users and developers to assess the resource demands of specific tasks. While individual GNU tools are often designed to be lightweight and efficient, their combined usage in complex workflows can, of course, lead to higher overall system resource consumption.

Projects like **GNU Guix**, a purely functional package manager and operating system distribution, demonstrate efforts to manage resource usage at a systemic level. Comparisons of Guix's resource usage with other lightweight Linux distributions indicate a focus on efficiency, particularly in terms of RAM and storage. This suggests that while individual packages are optimized, the GNU ecosystem also supports broader initiatives aimed at resource efficiency.

In summary, GNU packages generally provide tools and adhere to principles that enable developers and users to understand, monitor, and, where necessary, optimize resource usage. The design philosophy often prioritizes efficiency, especially for foundational components, contributing to the overall performance of systems built upon GNU software.



## Scalability

Scalability in GNU packages is often approached from different angles, depending on the nature of the software. For core utilities and libraries, scalability often refers to their ability to efficiently process large amounts of data or handle a high volume of operations. Many GNU tools are designed with a Unix philosophy of doing one thing well, and this modularity contributes to their scalability when combined in pipelines or scripts.

For larger systems built using GNU components, such as GNU/Linux distributions, scalability is achieved through a combination of well-designed individual packages and the underlying operating system kernel. For example, Debian GNU/Linux is described as a ""high-quality, stable, and scalable distribution,"" indicating that the collection of GNU packages, along with other software, can form a scalable system.

However, it's important to note that some older GNU software, particularly those with graphical user interfaces, might face challenges with modern display technologies. For instance, a bug report for GNU Robots mentions that its GUI is ""not at all scalable"" on high-resolution displays. This highlights that while the core functionality of many GNU tools is highly scalable, specific implementations, especially those with graphical components, might require updates to keep pace with evolving hardware and user expectations.

In general, the scalability of GNU packages is often a result of their efficient algorithms, command-line interface design (which facilitates scripting and automation), and the ability to be integrated into larger, distributed systems. The GNU Build System (Autotools) also plays a role in making source code packages portable, which indirectly supports scalability by enabling deployment across various platforms.

## Maintenance Burden

The maintenance burden for GNU packages varies significantly depending on the size, complexity, and maturity of the project. As a collection of free software, GNU projects rely heavily on volunteer contributions and the dedication of maintainers. The Free Software Foundation (FSF) plays a crucial role in coordinating and supporting the development and maintenance of these packages.

For well-established and widely used GNU packages, the maintenance burden can be substantial due to the need for continuous bug fixes, security updates, compatibility with new systems and standards, and feature enhancements. Maintainers often face the challenge of balancing new development with supporting legacy behavior, which can be a significant burden. The open-source nature, while fostering collaboration, also means that maintainers often deal with a large volume of bug reports, feature requests, and pull requests from a diverse user base.

The GNU Project has guidelines for maintainers, emphasizing the importance of rejecting changes that are ""complex and ugly"" or that ""will increase the burden of future maintenance."" This indicates a conscious effort to manage technical debt and ensure the long-term sustainability of the software. However, the reality of open-source maintenance can be challenging, as highlighted by discussions within the community about the pressures and responsibilities faced by maintainers.

Despite these challenges, the longevity and widespread adoption of GNU packages are a testament to the effectiveness of their maintenance model. The decentralized nature of development, coupled with the commitment of the FSF and individual contributors, ensures that these essential software components remain functional, secure, and relevant over extended periods. The burden is distributed across a global community, which, while sometimes leading to slower development cycles for certain features, generally ensures a high level of stability and long-term support.

","# Comparison Matrix: OpenCog vs. GNU Packages - Package Reliability Performance

This section provides a side-by-side comparison of OpenCog and GNU packages across key dimensions related to package reliability and performance. Each dimension is analyzed for both systems, highlighting their strengths, weaknesses, and unique characteristics.



## Stability

| Feature | OpenCog | GNU Packages |
|---|---|---|
| **Overall Stability** | Evolving; older versions (Classic) had stability issues, while newer versions (Hyperon) and core components like `cogserver` are significantly more stable. | Generally very high; a cornerstone of the GNU philosophy, with a long history of use and refinement. |
| **Development Focus** | Actively being improved, with a focus on creating a stable foundation for AGI research. | Mature and well-established, with a focus on maintaining stability and providing bug fixes. |
| **Community Perception** | Mixed; earlier versions were perceived as unstable, but newer developments are changing this perception. | Widely regarded as highly stable and reliable. |
| **Use in Production** | Some components, like `cogserver`, have been used in production for a decade. | Extensively used in production environments for decades. |



## Error Handling

| Feature | OpenCog | GNU Packages |
|---|---|---|
| **Mechanism** | Basic error reporting within specific subsystems (e.g., Scheme bindings throwing errors for invalid link types). | Robust and well-defined, often returning error codes or status information; some projects emulate exception handling. |
| **Customization** | Limited documented customization; primarily relies on internal error propagation. | Allows for customization of error handlers (e.g., GSL), providing flexibility for developers. |
| **Clarity of Information** | Provides basic error messages for specific issues. | Aims to provide clear and actionable error information, facilitating debugging. |
| **Maturity** | Evolving, with error handling often tied to specific component implementations. | Mature, with common error scenarios well-documented and mechanisms in place to prevent or mitigate issues. |



## Resource Usage

| Feature | OpenCog | GNU Packages |
|---|---|---|
| **Typical Consumption** | Can be resource-intensive, especially for complex AGI tasks; often benefits from cloud resources. | Varies widely by package; core utilities are generally lightweight and efficient. |
| **Optimization Focus** | Internal resource management (e.g., MindAgents) and external cloud deployment for high demands. | Emphasis on efficiency, particularly for foundational components; tools available for monitoring and optimizing resource footprint. |
| **Tools for Analysis** | Implicitly relies on external system monitoring tools; internal mechanisms for resource estimation. | Provides explicit tools and functions (e.g., `getrusage`, `time` utility) for detailed resource analysis. |



## Scalability

| Feature | OpenCog | GNU Packages |
|---|---|---|
| **Approach** | Strong focus on distributed computing architectures (Hyperon) for horizontal scalability; network scalability for multiple AtomSpaces. | Achieved through efficient algorithms, modular design (Unix philosophy), and integration into larger systems; some GUI components may lack modern scalability. |
| **Design Philosophy** | Designed for growth and complexity required for advanced AGI, emphasizing distributed processing. | Focus on doing one thing well, allowing for combination into scalable systems; core tools are highly efficient. |
| **Challenges** | Orchestrating multiple distributed components; ensuring efficient data flow across networked AtomSpaces. | Adapting older GUI-based tools to modern high-resolution displays; managing dependencies in large-scale deployments. |



## Maintenance Burden

| Feature | OpenCog | GNU Packages |
|---|---|---| 
| **Historical Context** | OpenCog Classic had significant architectural flaws leading to high maintenance burden; Hyperon aims to reduce this. | Varies by package; well-established packages have robust maintenance, newer ones depend on community engagement. |
| **Development Model** | Evolving, with a major rewrite (Hyperon) to address technical debt and improve maintainability. | Decentralized, community-driven; relies on volunteer contributions and FSF support. |
| **Challenges** | Managing complexity of AGI development; integrating diverse components; ongoing refactoring. | Balancing new development with legacy support; managing large volumes of bug reports and feature requests; volunteer fatigue. |
| **Long-term Outlook** | Aims for improved maintainability with Hyperon, but inherent complexity of AGI will always require significant effort. | Proven long-term sustainability due to strong community and FSF support, despite individual maintainer challenges. |","# GNU Hurd Relevance and Recommendations

This section discusses how the reliability and performance characteristics of OpenCog and GNU packages relate to the long-standing issues faced by the GNU Hurd project. It also provides recommendations for potential integration or improvements based on this comparative analysis.



## GNU Hurd: Root Cause Issues and Challenges

The GNU Hurd, intended as a free, Unix-like operating system based on the Mach microkernel, has faced significant challenges that have hindered its widespread adoption and development. The primary issues can be summarized as follows:

*   **Performance Issues:** The microkernel architecture, while offering theoretical advantages in modularity and reliability, has often led to performance overheads due to increased inter-process communication (IPC). This has been a persistent problem for the Hurd, making it less performant than monolithic kernels like Linux.
*   **Stability Problems:** Despite the microkernel design aiming for greater stability by isolating components, the Hurd has struggled with stability issues. The complexity of managing multiple servers and the interactions between them has proven difficult to debug and maintain, leading to a less stable system in practice.
*   **Limited Hardware Support:** The Hurd has historically suffered from limited hardware support compared to Linux. This makes it challenging to run on a wide range of modern hardware, further restricting its usability and adoption.
*   **Development Complexity and Pace:** The development of the Hurd has been slow and complex. The capability-based design, while flexible, has introduced its own set of problems that are difficult to resolve. The project has also faced challenges in attracting and retaining developers, leading to an inconsistent development pace.
*   **Lack of Key Software Porting (e.g., systemd):** Modern Linux systems rely heavily on components like `systemd`. The absence of a `systemd` port (or a suitable alternative) for the Hurd creates compatibility issues and limits its ability to run contemporary software stacks.
*   **Maturity of Mach Microkernel:** The underlying Mach microkernel itself, particularly Mach 3.0, faced its own set of challenges and was considered a failure by some, which inherently impacted the stability and progress of projects built upon it.

These issues collectively contribute to the Hurd's status as a project that, despite its ambitious goals and technical elegance, has struggled to achieve the practical success and widespread use of its monolithic counterparts.



## Relevance to GNU Hurd Issues

The comparative analysis of OpenCog and GNU packages in terms of reliability and performance offers valuable insights when considering the long-standing challenges faced by the GNU Hurd project.

### Stability and Error Handling

**GNU Packages:** The inherent stability and robust error handling mechanisms of many GNU packages stand in stark contrast to the Hurd's historical stability problems. The GNU philosophy of rigorous testing, extensive community review, and a long history of real-world usage has resulted in highly dependable software. If the Hurd were to leverage more of these mature and stable GNU components, particularly at lower levels of its architecture, it could potentially mitigate some of its own stability issues. The clear error reporting and well-defined error handling in GNU packages could also aid in debugging the complex interactions within the microkernel environment.

**OpenCog:** OpenCog's journey towards stability, particularly with the Hyperon rewrite, highlights the challenges of building complex, cutting-edge systems. While OpenCog Classic faced stability issues, the progress made with components like `cogserver` demonstrates that even highly complex, evolving systems can achieve significant stability. The Hurd could potentially learn from OpenCog's architectural evolution, especially in how it addresses stability in a distributed and highly interconnected environment. However, OpenCog's focus on AGI means its stability concerns are often related to the emergent behavior of intelligent systems, which is a different class of problem than the more fundamental system-level stability issues of the Hurd.

### Resource Usage

**GNU Packages:** Many GNU packages are designed with efficiency in mind, especially core utilities. This focus on lean resource consumption could be beneficial for the Hurd, which has faced performance overheads due to its microkernel architecture and inter-process communication. By utilizing efficient GNU components, the Hurd could potentially reduce its overall resource footprint and improve performance.

**OpenCog:** OpenCog's resource-intensive nature, driven by its AGI goals, presents a different perspective. While it benefits from cloud resources for demanding tasks, integrating such a system directly into a core operating system like the Hurd would require careful consideration of its resource demands. However, OpenCog's internal resource management mechanisms, even if high-level, could offer conceptual insights into managing resources in a complex, multi-component system.

### Scalability

**GNU Packages:** The modularity and Unix philosophy of GNU packages contribute to their scalability. They are designed to do one thing well and can be combined effectively to build larger, scalable systems. This approach aligns well with the microkernel philosophy of the Hurd, where individual services are meant to be small and composable. Leveraging well-tested, scalable GNU components could help the Hurd achieve better overall system scalability.

**OpenCog:** OpenCog Hyperon's strong emphasis on distributed computing and network scalability is highly relevant to the Hurd. The Hurd's microkernel architecture inherently involves distributed services and inter-process communication. OpenCog's experience in orchestrating multiple, networked components to achieve scalability could provide valuable lessons for the Hurd in optimizing its own distributed environment. The challenges OpenCog faces in managing distributed AtomSpaces might mirror some of the Hurd's difficulties in coordinating its various servers.

### Maintenance Burden

**GNU Packages:** The long-term sustainability and relatively low maintenance burden (for mature packages) of GNU software, supported by a large community and the FSF, offer a model for the Hurd. The Hurd's slow development pace and challenges in attracting developers could benefit from adopting development practices that foster community engagement and distribute the maintenance load, similar to successful GNU projects. The GNU guidelines for maintainers, which emphasize rejecting overly complex changes, could also be valuable for the Hurd in managing its own architectural complexity.

**OpenCog:** OpenCog's decision to undertake a major rewrite with Hyperon due to the maintenance burden of OpenCog Classic is a cautionary tale. The Hurd's own architectural complexity and slow progress suggest it has faced similar maintenance challenges. OpenCog's experience highlights the importance of managing technical debt and making bold architectural decisions when a system becomes too difficult to maintain. The Hurd could potentially learn from OpenCog's approach to addressing fundamental architectural issues to improve its own long-term maintainability.

","
## Recommendations for Integration or Improvement

Based on the comparative analysis of OpenCog and GNU packages in the context of GNU Hurd issues, the following recommendations are proposed:

1.  **Leverage Mature GNU Components for Core Hurd Services:**
    *   **Recommendation:** Prioritize the integration of existing, highly stable, and efficient GNU packages for fundamental Hurd services where applicable. This includes utilizing GNU utilities for file system operations, process management, and networking, rather than reimplementing them from scratch or relying on less mature alternatives.
    *   **Rationale:** GNU packages have a proven track record of stability, robust error handling, and optimized resource usage. Integrating these components can significantly enhance the Hurd's reliability and performance, reducing the burden of developing and maintaining core functionalities.
    *   **Example:** Explore using GNU coreutils or parts of glibc more extensively within Hurd servers to handle common system tasks, benefiting from their decades of refinement and bug fixes.

2.  **Adopt GNU's Development and Maintenance Practices:**
    *   **Recommendation:** Implement more rigorous testing methodologies, code review processes, and community engagement strategies akin to those employed by successful GNU projects. Focus on clear documentation and consistent coding standards.
    *   **Rationale:** The longevity and stability of GNU packages are largely attributable to their robust development and maintenance practices. Adopting these can help the Hurd attract and retain developers, improve code quality, and distribute the maintenance burden more effectively.
    *   **Example:** Establish a more formalized bug reporting and resolution system, and encourage broader community participation in testing and code contributions.

3.  **Explore OpenCog Hyperon's Distributed Computing Paradigms for Hurd's Microkernel Architecture:**
    *   **Recommendation:** Study OpenCog Hyperon's approach to distributed computing and network scalability, particularly its strategies for orchestrating multiple, networked components and managing inter-process communication. Apply relevant lessons to optimize the Hurd's microkernel interactions.
    *   **Rationale:** Both OpenCog Hyperon and GNU Hurd deal with the complexities of distributed systems. Hyperon's focus on efficient task distribution and managing networked AtomSpaces could offer valuable insights into improving the performance and reliability of the Hurd's inter-server communication and overall distributed architecture.
    *   **Example:** Investigate Hyperon's mechanisms for load balancing, fault tolerance, and data consistency across distributed components, and consider how these could be adapted for Hurd's servers.

4.  **Implement Comprehensive Error Handling and Reporting Frameworks:**
    *   **Recommendation:** Develop a unified and comprehensive error handling and reporting framework across all Hurd components, drawing inspiration from the clear error reporting of GNU packages and the structured error handling in some OpenCog subsystems.
    *   **Rationale:** Clear and consistent error handling is crucial for debugging and maintaining complex systems. A well-defined framework would enable developers to quickly identify and address issues, improving the overall stability and reliability of the Hurd.
    *   **Example:** Define standardized error codes, logging mechanisms, and error propagation strategies that all Hurd servers and components must adhere to.

5.  **Prioritize Performance Optimization at the Microkernel Level:**
    *   **Recommendation:** Continuously focus on optimizing the performance of the Mach microkernel and the inter-process communication mechanisms within the Hurd. This may involve exploring alternative IPC methods or optimizing existing ones to reduce overhead.
    *   **Rationale:** Performance overhead has been a persistent issue for the Hurd. Addressing this at the foundational microkernel level is critical for its viability as a general-purpose operating system.
    *   **Example:** Benchmark different IPC implementations and identify bottlenecks, then apply targeted optimizations to improve throughput and reduce latency.

6.  **Address Hardware Support and Modern System Integration:**
    *   **Recommendation:** Actively work on expanding hardware support and ensuring compatibility with modern system components and standards (e.g., UEFI, modern device drivers). Explore strategies for integrating with essential modern software stacks (e.g., `systemd` alternatives).
    *   **Rationale:** Limited hardware support and lack of integration with modern software ecosystems are major barriers to Hurd adoption. Resolving these issues is essential for its practical usability.
    *   **Example:** Collaborate with hardware vendors or open-source driver developers to improve device compatibility, and develop or adapt a process management and service management system that aligns with Hurd's architecture and modern needs.

By strategically incorporating lessons from both the mature, stable GNU ecosystem and the cutting-edge, scalable designs of OpenCog Hyperon, the GNU Hurd project can potentially overcome some of its long-standing challenges and move closer to its goal of a robust, free, and functional operating system.

",6,8,
